/**
 * Author:  Axel
 * Created: 6 déc. 2019
 */

CREATE TABLE TUTEUR
(
    mail VARCHAR(100) NOT NULL PRIMARY KEY,
    sexe VARCHAR(1),
    description VARCHAR(255) NOT NULL
);


CREATE TABLE NOTES
(
    id_notes INT GENERATED BY DEFAULT AS IDENTITY NOT NULL PRIMARY KEY,
    note INT NOT NULL,
    mail varchar(100) NOT NULL REFERENCES TUTEUR(MAIL)
);


CREATE TABLE INTERETS
(
    id_interets INT GENERATED BY DEFAULT AS IDENTITY NOT NULL  PRIMARY KEY,
    Categorie VARCHAR(100) NOT NULL,
    mail VARCHAR(100) NOT NULL REFERENCES TUTEUR(MAIL)
);


INSERT INTO TUTEUR VALUES ('axel.carayon@gmail.com','H','Axel');
INSERT INTO NOTES(note,mail) VALUES(10,'axel.carayon@gmail.com');
INSERT INTO NOTES(note,mail) VALUES(5,'axel.carayon@gmail.com');
INSERT INTO NOTES(note,mail) VALUES(2,'axel.carayon@gmail.com');
INSERT INTO NOTES(note,mail) VALUES(4,'axel.carayon@gmail.com');
INSERT INTO NOTES(note,mail) VALUES(8,'axel.carayon@gmail.com');
INSERT INTO INTERETS(categorie,mail) VALUES('Bourses','axel.carayon@gmail.com');
INSERT INTO INTERETS(categorie,mail) VALUES('Logement','axel.carayon@gmail.com');

INSERT INTO TUTEUR VALUES ('Laurie.Coumes@gmail.com','F','Laurie');
INSERT INTO NOTES(note,mail) VALUES(10,'Laurie.Coumes@gmail.com');
INSERT INTO NOTES(note,mail) VALUES(5,'Laurie.Coumes@gmail.com');
INSERT INTO NOTES(note,mail) VALUES(2,'Laurie.Coumes@gmail.com');
INSERT INTO NOTES(note,mail) VALUES(4,'Laurie.Coumes@gmail.com');
INSERT INTO NOTES(note,mail) VALUES(8,'Laurie.Coumes@gmail.com');
INSERT INTO INTERETS(categorie,mail) VALUES('Alimentation','Laurie.Coumes@gmail.com');
INSERT INTO INTERETS(categorie,mail) VALUES('Orientation','Laurie.Coumes@gmail.com');

INSERT INTO TUTEUR VALUES ('malo.bosc@gmail.com','H','Malo');
INSERT INTO NOTES(note,mail) VALUES(10,'malo.bosc@gmail.com');
INSERT INTO NOTES(note,mail) VALUES(5,'malo.bosc@gmail.com');
INSERT INTO NOTES(note,mail) VALUES(2,'malo.bosc@gmail.com');
INSERT INTO NOTES(note,mail) VALUES(4,'malo.bosc@gmail.com');
INSERT INTO NOTES(note,mail) VALUES(8,'malo.bosc@gmail.com');
INSERT INTO INTERETS(categorie,mail) VALUES('Alimentation','malo.bosc@gmail.com');
INSERT INTO INTERETS(categorie,mail) VALUES('Logement','malo.bosc@gmail.com');
